{
  "n_samples": 3000,
  "correlations": {
    "esm_cf": 0.6692503289462133,
    "sf_cf": 0.09995931339266667
  },
  "esm_results": {
    "10": {
      "proxy_mean": 50.0226242,
      "oracle_mean": 53.883972799999995,
      "random_oracle_mean": 48.928019799999994,
      "gap": -3.8613485999999924
    },
    "20": {
      "proxy_mean": 51.8617108,
      "oracle_mean": 55.71666739999999,
      "random_oracle_mean": 48.8487508,
      "gap": -3.854956599999994
    },
    "30": {
      "proxy_mean": 52.698843800000006,
      "oracle_mean": 56.70932679999999,
      "random_oracle_mean": 48.8088134,
      "gap": -4.0104829999999865
    },
    "40": {
      "proxy_mean": 53.3532894,
      "oracle_mean": 57.23457859999999,
      "random_oracle_mean": 48.8902926,
      "gap": -3.8812891999999906
    },
    "50": {
      "proxy_mean": 54.69851500000001,
      "oracle_mean": 57.9190668,
      "random_oracle_mean": 49.150252800000004,
      "gap": -3.2205517999999955
    },
    "60": {
      "proxy_mean": 55.235745,
      "oracle_mean": 57.6466894,
      "random_oracle_mean": 48.8084204,
      "gap": -2.410944399999998
    },
    "70": {
      "proxy_mean": 55.6667798,
      "oracle_mean": 60.053155,
      "random_oracle_mean": 48.664564199999994,
      "gap": -4.386375199999996
    },
    "80": {
      "proxy_mean": 56.412517,
      "oracle_mean": 59.09734759999999,
      "random_oracle_mean": 49.2446674,
      "gap": -2.684830599999991
    },
    "90": {
      "proxy_mean": 56.34871640000001,
      "oracle_mean": 59.539231199999996,
      "random_oracle_mean": 48.86873539999999,
      "gap": -3.1905147999999883
    },
    "100": {
      "proxy_mean": 57.4195938,
      "oracle_mean": 60.4665834,
      "random_oracle_mean": 48.94946159999999,
      "gap": -3.0469895999999963
    }
  },
  "sf_results": {
    "10": {
      "proxy_mean": 46.41793926,
      "oracle_mean": 49.735553599999996,
      "random_oracle_mean": 48.928019799999994,
      "gap": -3.3176143399999987
    },
    "20": {
      "proxy_mean": 49.38060272,
      "oracle_mean": 49.150625999999995,
      "random_oracle_mean": 48.8487508,
      "gap": 0.22997672000000335
    },
    "30": {
      "proxy_mean": 50.9801297,
      "oracle_mean": 50.1458114,
      "random_oracle_mean": 48.8088134,
      "gap": 0.8343182999999996
    },
    "40": {
      "proxy_mean": 52.62906102,
      "oracle_mean": 48.51580439999999,
      "random_oracle_mean": 48.8902926,
      "gap": 4.1132566200000085
    },
    "50": {
      "proxy_mean": 53.667306919999994,
      "oracle_mean": 48.996952,
      "random_oracle_mean": 49.150252800000004,
      "gap": 4.670354919999994
    },
    "60": {
      "proxy_mean": 54.62039458,
      "oracle_mean": 48.2349584,
      "random_oracle_mean": 48.8084204,
      "gap": 6.385436180000006
    },
    "70": {
      "proxy_mean": 55.1987286,
      "oracle_mean": 48.170531,
      "random_oracle_mean": 48.664564199999994,
      "gap": 7.028197600000006
    },
    "80": {
      "proxy_mean": 56.57156293999999,
      "oracle_mean": 47.6027524,
      "random_oracle_mean": 49.2446674,
      "gap": 8.968810539999993
    },
    "90": {
      "proxy_mean": 57.5207302,
      "oracle_mean": 46.90564,
      "random_oracle_mean": 48.86873539999999,
      "gap": 10.615090200000004
    },
    "100": {
      "proxy_mean": 57.22537862,
      "oracle_mean": 47.59163219999999,
      "random_oracle_mean": 48.94946159999999,
      "gap": 9.633746420000008
    }
  }
}