{
  "10": {
    "proxy_mean": 53.5150532,
    "oracle_mean": 56.89685239999999,
    "gap_mean": 3.381799199999999
  },
  "20": {
    "proxy_mean": 54.7962262,
    "oracle_mean": 58.68665480000001,
    "gap_mean": 3.890428599999998
  },
  "30": {
    "proxy_mean": 55.2669128,
    "oracle_mean": 60.0198698,
    "gap_mean": 4.7529569999999985
  },
  "40": {
    "proxy_mean": 55.1207582,
    "oracle_mean": 60.2979126,
    "gap_mean": 5.177154399999997
  },
  "50": {
    "proxy_mean": 55.6886816,
    "oracle_mean": 60.9682522,
    "gap_mean": 5.279570599999997
  },
  "60": {
    "proxy_mean": 56.2442754,
    "oracle_mean": 61.8687456,
    "gap_mean": 5.6244701999999975
  },
  "70": {
    "proxy_mean": 56.0259544,
    "oracle_mean": 62.2211532,
    "gap_mean": 6.1951987999999965
  },
  "80": {
    "proxy_mean": 56.146922599999996,
    "oracle_mean": 62.36720999999999,
    "gap_mean": 6.2202873999999975
  },
  "90": {
    "proxy_mean": 56.7104902,
    "oracle_mean": 62.983501399999994,
    "gap_mean": 6.273011199999996
  },
  "100": {
    "proxy_mean": 56.814309200000004,
    "oracle_mean": 63.4431752,
    "gap_mean": 6.628865999999997
  }
}